codon,single,triple,relative_frequency
CTT,L,Leu,0.13
ATG,M,Met,1
ACA,T,Thr,0.28
ACG,T,Thr,0.11
ATC,I,Ile,0.47
ATA,I,Ile,0.17
AGG,R,Arg,0.21
CCT,P,Pro,0.29
AGC,S,Ser,0.24
AGA,R,Arg,0.21
ATT,I,Ile,0.36
CTG,L,Leu,0.4
CTA,L,Leu,0.07
CTC,L,Leu,0.2
CCG,P,Pro,0.11
AGT,S,Ser,0.15
CCA,P,Pro,0.28
CCC,P,Pro,0.32
TAT,Y,Tyr,0.44
GGT,G,Gly,0.16
CGA,R,Arg,0.11
CGC,R,Arg,0.18
CGG,R,Arg,0.2
GGG,G,Gly,0.25
GGA,G,Gly,0.25
GGC,G,Gly,0.34
TAC,Y,Tyr,0.56
CGT,R,Arg,0.08
GTA,V,Val,0.12
GTC,V,Val,0.24
GTG,V,Val,0.46
GAG,E,Glu,0.58
GTT,V,Val,0.18
GAC,D,Asp,0.54
AAG,K,Lys,0.57
AAA,K,Lys,0.43
AAC,N,Asn,0.53
ACT,T,Thr,0.25
CAT,H,His,0.42
AAT,N,Asn,0.47
CAC,H,His,0.58
CAA,Q,Gln,0.27
CAG,Q,Gln,0.73
TGT,C,Cys,0.46
TCT,S,Ser,0.19
GAT,D,Asp,0.46
TTT,F,Phe,0.46
TGC,C,Cys,0.54
TGG,W,Trp,1
TTC,F,Phe,0.54
TCG,S,Ser,0.05
TTA,L,Leu,0.08
TTG,L,Leu,0.13
TCC,S,Ser,0.22
GAA,E,Glu,0.42
TCA,S,Ser,0.15
GCA,A,Ala,0.23
GCC,A,Ala,0.4
GCG,A,Ala,0.11
GCT,A,Ala,0.27
ACC,T,Thr,0.36
TAA,*,STOP,0.3
TAG,*,STOP,0.24
TGA,*,STOP,0.47